date,issued_payments,issued_volume,voided_payments,voided_volume,settled_payments,settled_volume
2023-01-01,116,119569.33,4,4337.75,0,0.0
2023-01-02,133,150153.24,4,4651.48,0,0.0
2023-01-03,3656,4459968.94,136,165506.74,140,152597.09
2023-01-04,2275,2721780.04,76,90348.02,1410,1746946.62
2023-01-05,1421,1510397.12,44,46287.55,2501,3019913.1
2023-01-06,1275,1346125.24,47,49649.28,2444,2849089.77
2023-01-07,200,215279.32,6,6162.63,0,0.0
2023-01-08,114,115678.7,4,3784.31,0,0.0
2023-01-09,1317,1411960.18,42,44759.15,1566,1682694.42
2023-01-10,1666,1691789.24,50,50605.1,1337,1414240.57
2023-01-11,1604,1806180.92,50,56553.25,1380,1427142.25
2023-01-12,1615,1678479.19,56,58335.1,1413,1516286.83
2023-01-13,1324,1430178.96,42,45622.57,1636,1708066.12
2023-01-14,219,222374.42,7,7323.33,0,0.0
2023-01-15,118,121331.12,4,4243.25,0,0.0
2023-01-16,129,131007.82,4,4372.41,0,0.0
2023-01-17,2160,2450296.15,75,84740.22,1812,1926316.99
2023-01-18,1691,1761038.76,53,55340.99,1552,1666473.94
2023-01-19,1646,1826326.95,49,54535.64,1715,1847932.18
2023-01-20,1375,1476061.95,34,36433.78,1853,2058237.99
2023-01-21,229,244813.65,8,8727.72,0,0.0
2023-01-22,111,110315.55,4,3614.08,0,0.0
2023-01-23,1261,1353306.31,38,40975.87,1801,1929091.46
2023-01-24,1614,1674913.03,54,56323.05,1545,1666764.09
2023-01-25,1520,1617634.27,61,64470.37,1367,1423606.44
2023-01-26,1355,1421512.58,52,54854.53,1411,1495641.19
2023-01-27,2323,3094983.43,80,106855.61,1479,1538301.57
2023-01-28,227,241484.52,7,6981.8,0,0.0
2023-01-29,117,121254.7,4,3810.11,0,0.0
2023-01-30,2007,2514639.42,60,75674.88,1668,2014196.67
2023-01-31,2439,3057055.35,75,93826.82,1759,2209298.13
2023-02-01,2600,3595499.28,79,109851.43,2228,2788187.12
2023-02-02,2268,3001603.38,63,83077.52,2307,3017939.5
2023-02-03,1374,1498299.71,51,55726.51,2357,3141769.74
2023-02-04,198,213206.81,5,5554.44,0,0.0
2023-02-05,81,84430.17,3,2644.63,0,0.0
2023-02-06,1505,1578782.98,53,55408.69,2380,2940214.87
2023-02-07,1761,1860774.94,60,63419.72,1938,2232935.37
2023-02-08,1730,1771423.21,55,56130.35,1491,1577198.83
2023-02-09,1545,1651768.71,56,59843.85,1596,1677254.95
2023-02-10,1418,1379526.06,46,44833.75,1670,1772944.39
2023-02-11,175,187672.72,5,5635.82,0,0.0
2023-02-12,80,88334.95,2,2748.12,0,0.0
2023-02-13,1426,1567611.21,53,58400.07,1658,1697739.33
2023-02-14,1880,2011641.6,59,63444.49,1473,1567862.6
2023-02-15,1664,1901076.71,48,55303.75,1459,1560167.8
2023-02-16,1549,1576774.12,56,56744.63,1586,1781773.78
2023-02-17,1362,1360467.56,44,43967.45,1752,1872895.91
2023-02-18,158,167366.68,6,6204.9,0,0.0
2023-02-19,74,78060.73,2,2523.32,0,0.0
2023-02-20,108,120103.02,4,4192.72,0,0.0
2023-02-21,2434,2682278.53,79,86539.44,1679,1744566.78
2023-02-22,1614,1820513.9,50,56527.71,1568,1684202.01
2023-02-23,1647,1695121.03,46,47646.02,1800,2013664.18
2023-02-24,1900,2272838.39,57,68205.63,2025,2175444.82
2023-02-25,185,188170.34,7,6822.08,0,0.0
2023-02-26,80,87443.47,3,3313.13,0,0.0
2023-02-27,2197,2593091.05,66,77825.39,1650,1861972.04
2023-02-28,2702,3663294.72,84,113616.49,1740,2037543.89
2023-03-01,2435,3206550.34,74,97505.2,2235,2801512.15
2023-03-02,2480,3274899.99,83,110077.12,2384,3086304.69
2023-03-03,1683,1747317.09,51,52625.35,2447,3250928.13
2023-03-04,164,163607.9,5,4910.51,0,0.0
2023-03-05,49,50289.04,2,1756.4,0,0.0
2023-03-06,1501,1579651.84,51,53816.09,2542,3052310.33
2023-03-07,1788,1901681.94,72,76986.1,2064,2318079.59
2023-03-08,1694,1776055.42,52,54741.09,1577,1675653.24
2023-03-09,1542,1579022.78,51,51889.18,1646,1735480.29
2023-03-10,1424,1590010.99,47,52175.72,1624,1697336.54
2023-03-11,156,166488.59,5,5622.08,0,0.0
2023-03-12,44,47063.2,1,1589.6,0,0.0
2023-03-13,1549,1654240.77,47,50614.3,1564,1681621.21
2023-03-14,1854,1979980.34,63,67393.14,1521,1629044.4
2023-03-15,1780,1858831.84,55,57077.08,1563,1654367.25
2023-03-16,1790,1943281.62,53,57659.49,1698,1781388.52
2023-03-17,1526,1537986.41,50,50731.47,1763,1890298.12
2023-03-18,154,152566.3,5,4600.83,0,0.0
2023-03-19,52,58118.22,2,1754.3,0,0.0
2023-03-20,1475,1499506.68,44,45054.64,1750,1845573.11
2023-03-21,1901,1951505.32,55,56810.78,1604,1642486.25
2023-03-22,1925,2214966.85,66,75802.81,1530,1561893.37
2023-03-23,1721,1776667.88,49,50446.29,1547,1701228.08
2023-03-24,1354,1451523.09,43,45831.06,1862,1991098.32
2023-03-25,167,175616.75,5,5383.83,0,0.0
2023-03-26,51,54748.55,1,1434.13,0,0.0
2023-03-27,1475,1634959.88,43,47950.67,1857,2006636.26
2023-03-28,1677,1862064.88,58,64713.68,1535,1691436.08
2023-03-29,2554,3428302.11,78,104178.72,1446,1571877.58
2023-03-30,2329,2876403.88,80,99267.78,1635,2024065.46
2023-03-31,2071,2574845.26,75,92889.99,1978,2499435.8
2023-04-01,156,157963.96,5,5552.67,0,0.0
2023-04-02,38,40202.39,1,1342.05,0,0.0
2023-04-03,2201,2740091.91,78,96715.76,2375,3017822.21
2023-04-04,2619,3334173.79,76,97249.95,2162,2669229.77
2023-04-05,1875,1948758.81,57,59008.42,2230,2787852.21
2023-04-06,1695,1772720.14,58,60632.21,2445,2839536.76
2023-04-07,1305,1393188.67,38,40227.81,2221,2515392.46
2023-04-08,164,164551.02,5,4903.46,0,0.0
2023-04-09,36,38372.88,1,1353.65,0,0.0
2023-04-10,1633,1700115.44,52,54354.6,1612,1710911.47
2023-04-11,1683,1701153.88,51,51747.55,1552,1617887.07
2023-04-12,1732,1769570.34,57,57735.03,1596,1626216.57
2023-04-13,1583,1669487.54,53,56161.95,1625,1667882.84
2023-04-14,1366,1453760.59,44,46981.07,1591,1655710.45
2023-04-15,158,160577.55,5,5138.55,0,0.0
2023-04-16,36,39185.74,1,1064.83,0,0.0
2023-04-17,1707,1712669.55,68,68075.07,1556,1635573.76
2023-04-18,1895,2030813.6,54,57623.11,1587,1641145.7
2023-04-19,1704,1740062.58,55,56037.77,1594,1649412.39
2023-04-20,1631,1658823.45,50,50552.47,1719,1771141.84
2023-04-21,1439,1492286.11,49,50513.9,1753,1795290.47
2023-04-22,155,166923.59,4,4672.52,0,0.0
2023-04-23,41,39072.4,1,1415.7,0,0.0
2023-04-24,1602,1671177.25,52,54268.4,1601,1646648.16
2023-04-25,1609,1782384.91,54,60172.8,1562,1618444.7
2023-04-26,2548,3052309.56,84,101179.38,1515,1648448.76
2023-04-27,2522,3204953.77,75,95220.93,1598,1821570.31
2023-04-28,2113,2477318.09,66,76866.76,1988,2441841.44
2023-04-29,143,151844.36,4,4304.22,0,0.0
2023-04-30,35,39728.83,1,1153.51,0,0.0
2023-05-01,2360,3149589.74,71,94232.74,2433,2908047.94
2023-05-02,2758,3325800.42,94,113611.29,2296,2885657.45
2023-05-03,1926,2089833.64,60,65426.15,2358,2935060.74
2023-05-04,1694,1765567.63,45,47185.97,2457,2886377.29
2023-05-05,1493,1572363.79,44,46155.55,2283,2503930.39
2023-05-06,166,172531.13,6,5790.12,0,0.0
2023-05-07,53,55555.59,2,1590.01,0,0.0
2023-05-08,1565,1638233.43,56,58692.12,1822,1924901.72
2023-05-09,1760,1776412.6,56,56825.48,1582,1645118.32
2023-05-10,1797,1921717.9,65,69505.8,1597,1648002.2
2023-05-11,1718,1818165.01,64,67869.92,1652,1720719.69
2023-05-12,1398,1611112.09,54,62095.81,1717,1774059.24
2023-05-13,160,175244.78,4,4840.63,0,0.0
2023-05-14,52,51354.92,1,1460.27,0,0.0
2023-05-15,1687,1787221.56,62,65339.75,1649,1832725.48
2023-05-16,1970,2140519.33,60,65065.66,1615,1759216.63
2023-05-17,1691,1673092.58,52,50979.11,1623,1736719.04
2023-05-18,1578,1587121.77,49,49472.43,1751,1793087.24
2023-05-19,1349,1497935.89,48,53253.61,1734,1754094.91
2023-05-20,165,169933.38,6,5946.64,0,0.0
2023-05-21,55,59617.71,2,1697.9,0,0.0
2023-05-22,1612,1686057.52,53,55919.11,1533,1606119.17
2023-05-23,1886,1945359.72,69,71626.25,1522,1573705.28
2023-05-24,1952,2070532.21,57,60594.71,1572,1639500.52
2023-05-25,1600,1737997.88,61,65932.64,1668,1751913.96
2023-05-26,2014,2395343.18,64,75737.23,1810,1936399.64
2023-05-27,189,207079.07,6,6271.7,0,0.0
2023-05-28,55,62931.85,2,1840.24,0,0.0
2023-05-29,78,78188.54,3,2747.38,0,0.0
2023-05-30,3575,4615758.83,128,165546.73,1840,2066795.79
2023-05-31,2982,3782409.66,104,132117.63,2254,2810823.8
2023-06-01,2601,2999178.01,85,98229.07,2801,3535326.53
2023-06-02,1999,2455201.41,58,70931.95,2900,3629595.69
2023-06-03,209,241632.1,8,8881.26,0,0.0
2023-06-04,84,93401.35,3,3352.51,0,0.0
2023-06-05,1603,1693369.31,41,42997.1,2620,3154341.03
2023-06-06,1996,2154105.38,66,71073.03,2336,2640896.85
2023-06-07,1755,1785017.55,49,50037.85,1918,2159756.91
2023-06-08,1562,1689733.17,38,41316.22,1777,1853679.92
2023-06-09,1557,1589177.07,63,63911.86,1794,1887960.57
2023-06-10,201,221354.53,8,8780.84,0,0.0
2023-06-11,92,92459.58,3,3061.52,0,0.0
2023-06-12,1695,1833726.63,52,55892.66,1713,1799237.63
2023-06-13,1903,2138778.98,63,70755.52,1627,1708143.17
2023-06-14,1722,1865677.22,62,67278.7,1607,1785534.08
2023-06-15,1692,1790110.87,54,57274.7,1756,1913679.68
2023-06-16,1465,1610007.48,47,51117.37,1813,1952602.42
2023-06-17,194,202261.27,7,7039.69,0,0.0
2023-06-18,78,79911.68,2,2518.71,0,0.0
2023-06-19,112,127512.41,4,4261.82,0,0.0
2023-06-20,2556,2739473.63,77,82569.72,1748,1899409.83
2023-06-21,1617,1730992.82,46,49729.44,1675,1831544.35
2023-06-22,1873,2019639.83,65,70413.57,1957,2102261.54
2023-06-23,1438,1563693.61,45,48403.97,2085,2218351.5
2023-06-24,214,235301.98,6,6509.75,0,0.0
2023-06-25,80,85914.22,2,2589.72,0,0.0
2023-06-26,1545,1623262.5,49,51979.28,1740,1867270.87
2023-06-27,1742,1985893.92,57,65155.79,1693,1802462.87
2023-06-28,2555,3165698.24,89,110545.54,1478,1648649.18
2023-06-29,2347,3054186.87,77,99559.33,1652,1978473.67
2023-06-30,2433,3070934.12,74,93843.26,2023,2525638.3
2023-07-01,238,240606.82,9,9208.07,0,0.0
2023-07-02,137,149010.86,4,4753.8,0,0.0
2023-07-03,2573,3205085.18,89,110758.99,2569,3224651.96
2023-07-04,183,191251.56,6,6086.37,0,0.0
2023-07-05,2366,2553341.66,71,77068.77,2593,3217019.39
2023-07-06,1675,1781933.89,54,57228.77,2474,2947953.46
2023-07-07,1555,1747445.46,48,54165.08,2420,2757689.58
2023-07-08,246,259905.51,8,8852.79,0,0.0
2023-07-09,127,136861.1,4,4186.84,0,0.0
2023-07-10,1559,1687131.11,54,58083.19,2216,2420525.11
2023-07-11,1847,2145072.25,66,76901.21,1641,1806467.68
2023-07-12,1658,1768518.12,50,53623.3,1551,1751110.3
2023-07-13,1578,1736071.39,47,51949.58,1671,1840802.05
2023-07-14,1539,1618786.86,45,47829.17,1712,1923579.66
2023-07-15,259,283025.66,8,8712.47,0,0.0
2023-07-16,141,155542.66,5,5557.02,0,0.0
2023-07-17,1658,1772507.13,50,53384.07,1750,1902566.03
2023-07-18,1888,1936123.28,52,52997.68,1671,1765092.48
2023-07-19,2207,2352990.52,69,73148.45,1693,1777531.42
2023-07-20,1602,1772245.57,53,58281.87,1712,1765494.44
2023-07-21,1535,1722888.11,48,53928.4,1878,1996925.02
2023-07-22,252,257826.02,8,8402.48,0,0.0
2023-07-23,111,116576.86,3,3651.18,0,0.0
2023-07-24,1657,1828307.66,53,58873.41,2026,2205966.79
2023-07-25,1918,2119558.67,55,61319.63,1645,1801318.29
2023-07-26,1940,2015114.71,57,59213.34,1628,1808440.87
2023-07-27,2653,3426506.63,74,94941.48,1782,1878399.62
2023-07-28,1951,2366301.42,65,78323.59,1920,2274484.59
2023-07-29,261,264024.78,10,9781.93,0,0.0
2023-07-30,144,147832.26,4,4613.94,0,0.0
2023-07-31,2524,3357717.17,84,112283.98,2265,2704090.48
2023-08-01,2900,3910541.95,96,128842.58,2383,3054241.14
2023-08-02,2710,3382754.85,86,107138.52,2370,3066215.86
2023-08-03,1778,1901300.83,56,59351.94,2634,3404581.7
2023-08-04,1576,1722894.7,43,46981.74,2676,3204393.54
2023-08-05,300,323555.65,11,11692.18,0,0.0
2023-08-06,195,215662.7,6,6089.89,0,0.0
2023-08-07,1717,1759812.01,64,65234.44,2418,2738134.78
2023-08-08,1899,2079519.37,78,85287.97,1769,1864303.66
2023-08-09,2117,2306835.49,61,66670.12,1701,1829391.32
2023-08-10,1512,1689138.14,50,56062.06,1778,1928667.62
2023-08-11,1411,1565797.58,37,40667.37,1793,1987054.33
2023-08-12,273,303951.14,10,10712.12,0,0.0
2023-08-13,172,184524.31,5,5743.69,0,0.0
2023-08-14,1581,1729225.1,50,55125.69,1874,2095169.54
2023-08-15,1965,2049585.85,60,62693.24,1605,1764644.14
2023-08-16,2074,2224515.61,60,63846.8,1649,1724349.88
2023-08-17,1754,1863258.28,57,60937.66,1728,1829348.72
2023-08-18,1552,1614431.9,52,53737.96,1923,2062473.78
2023-08-19,286,315594.99,9,9577.39,0,0.0
2023-08-20,201,216090.3,7,7167.1,0,0.0
2023-08-21,1593,1751647.62,50,55231.69,2080,2209468.14
2023-08-22,1756,1953860.98,55,61158.85,1717,1854062.8
2023-08-23,1724,1792344.06,62,64712.05,1599,1749495.08
2023-08-24,1824,1955652.09,58,62660.46,1663,1768993.72
2023-08-25,1607,1579949.95,54,53493.58,1719,1839212.5
2023-08-26,317,323444.37,10,10234.54,0,0.0
2023-08-27,191,203800.31,6,5889.96,0,0.0
2023-08-28,1708,1945865.22,55,62553.74,1948,2008997.3
2023-08-29,2877,3572765.82,87,107577.3,1768,1927213.94
2023-08-30,2758,3446613.72,73,91777.86,1818,2116704.45
2023-08-31,2570,3122380.78,89,108696.55,2233,2709520.28
2023-09-01,2216,2762760.49,65,81270.29,2637,3278433.39
2023-09-02,335,372904.32,9,10512.57,0,0.0
2023-09-03,197,192048.73,7,6659.27,0,0.0
2023-09-04,263,294479.91,7,7844.14,0,0.0
2023-09-05,2316,2460738.36,66,69800.88,2871,3509664.53
2023-09-06,1891,1953258.53,67,69657.42,2615,3044063.93
2023-09-07,1815,1976832.72,66,71996.97,2423,2647468.73
2023-09-08,1615,1629543.5,56,56095.57,2113,2229042.67
2023-09-09,333,326974.9,12,11670.64,0,0.0
2023-09-10,209,227448.35,8,8809.82,0,0.0
2023-09-11,1876,1971913.92,71,74535.93,2005,2084698.5
2023-09-12,1774,1962164.11,53,58663.82,1882,1970204.07
2023-09-13,1970,2103435.52,58,61531.15,1783,1930668.7
2023-09-14,1775,1901844.97,59,63262.88,1783,1916443.5
2023-09-15,1584,1688242.5,48,51600.67,1794,1936333.94
2023-09-16,302,317219.87,9,9640.11,0,0.0
2023-09-17,227,245529.95,7,7426.66,0,0.0
2023-09-18,1808,1844604.69,60,60885.45,1984,2089887.85
2023-09-19,2025,2104838.24,70,73062.07,1834,1909776.47
2023-09-20,1882,1970418.48,69,72259.45,1822,1882040.46
2023-09-21,1837,1930656.31,74,77907.34,1841,1930324.52
2023-09-22,1427,1534094.4,33,35981.9,1866,1962567.27
2023-09-23,333,349499.74,11,11580.58,0,0.0
2023-09-24,217,232016.42,7,7300.27,0,0.0
2023-09-25,1672,1741383.97,44,46093.22,1883,1990695.85
2023-09-26,1904,2090084.24,55,60299.16,1738,1840431.03
2023-09-27,2891,3542521.17,89,108981.68,1690,1812961.41
2023-09-28,2537,3344181.95,86,113773.33,1835,2124937.3
2023-09-29,2222,2801826.6,73,91756.83,2188,2704594.51
2023-09-30,297,313191.34,9,9594.25,0,0.0
2023-10-01,260,269890.83,10,10831.3,0,0.0
2023-10-02,2310,2903575.39,67,84269.41,2779,3483721.57
2023-10-03,2971,3595040.74,101,122020.64,2424,3034183.39
2023-10-04,2035,2189053.55,70,74834.86,2494,3097917.89
2023-10-05,1886,2062925.06,57,62282.25,2633,3084764.38
2023-10-06,1818,1871001.28,59,60274.6,2437,2735314.1
2023-10-07,313,329733.53,13,13439.4,0,0.0
2023-10-08,229,253462.23,8,8954.42,0,0.0
2023-10-09,261,300993.57,8,8837.08,0,0.0
2023-10-10,2260,2316345.94,87,89204.82,2350,2524449.44
2023-10-11,2019,2048099.95,58,58809.01,2096,2198638.93
2023-10-12,1644,1682536.04,56,57482.19,2128,2212524.58
2023-10-13,1622,1728658.2,52,55393.61,1911,1945494.43
2023-10-14,366,385702.72,13,13239.76,0,0.0
2023-10-15,234,242798.03,7,6882.27,0,0.0
2023-10-16,1540,1672858.16,46,49465.58,1959,2039843.67
2023-10-17,2298,2500344.62,67,72372.16,1702,1838768.55
2023-10-18,2011,2141110.87,62,65792.27,1696,1850970.8
2023-10-19,1837,1995589.97,62,67234.73,1926,2056034.54
2023-10-20,1484,1524412.08,48,49012.11,2102,2269635.73
2023-10-21,345,348826.18,9,9364.04,0,0.0
2023-10-22,227,248663.02,8,8463.36,0,0.0
2023-10-23,1662,1743576.99,53,55652.06,2022,2154528.16
2023-10-24,1936,2166380.85,64,71782.38,1775,1875359.88
2023-10-25,2115,2277740.14,61,65355.24,1620,1769779.56
2023-10-26,1657,1758398.46,48,50574.87,1724,1869378.97
2023-10-27,2104,2761550.62,60,78359.9,1965,2127500.68
2023-10-28,343,373042.55,9,9858.68,0,0.0
2023-10-29,224,243664.29,7,7423.88,0,0.0
2023-10-30,2452,3192837.11,80,104376.57,2040,2369681.3
2023-10-31,3051,3910172.02,105,134993.73,1965,2478280.25
2023-11-01,2834,3641057.53,88,113326.7,2564,3334526.02
2023-11-02,2802,3618033.03,82,105459.93,2709,3516194.66
2023-11-03,1653,1778226.86,56,60688.79,2792,3583467.08
2023-11-04,332,364155.17,12,12881.71,0,0.0
2023-11-05,248,253378.13,7,7656.22,0,0.0
2023-11-06,1956,2194698.1,70,78550.81,2945,3546819.68
2023-11-07,2273,2415402.71,71,75055.15,2429,2830656.01
2023-11-08,2337,2648043.91,64,72386.65,1928,2068786.95
2023-11-09,1944,2158414.91,67,74754.08,2093,2336157.2
2023-11-10,1663,1862581.42,49,55411.22,2227,2445246.75
2023-11-11,330,349788.93,11,11754.35,0,0.0
2023-11-12,225,240972.19,8,8029.75,0,0.0
2023-11-13,1847,1982972.5,59,62823.94,2250,2484243.09
2023-11-14,2007,2279249.34,72,82234.55,1907,2091574.72
2023-11-15,2143,2424326.71,69,78309.2,1875,2061437.85
2023-11-16,2016,2246715.15,72,80112.03,1916,2153832.81
2023-11-17,1697,2007413.22,52,61651.97,2015,2273401.31
2023-11-18,336,338974.54,10,10081.36,0,0.0
2023-11-19,247,256706.93,8,7816.08,0,0.0
2023-11-20,1744,1895101.76,56,60322.07,2190,2491571.6
2023-11-21,2135,2265812.02,70,74803.46,1890,2075156.15
2023-11-22,2101,2333846.51,67,74720.69,1865,1996160.55
2023-11-23,235,262143.36,7,7337.8,0,0.0
2023-11-24,2226,2400442.95,76,82324.47,2024,2211511.13
2023-11-25,352,357210.15,12,12426.03,0,0.0
2023-11-26,221,225153.57,7,7112.6,0,0.0
2023-11-27,1749,1747046.78,52,51902.61,2507,2696897.99
2023-11-28,3148,3967056.91,100,126300.12,2191,2299998.9
2023-11-29,3181,4059613.8,83,106425.44,2069,2412122.49
2023-11-30,2520,3111126.42,96,118729.93,2417,2995421.16
2023-12-01,2466,3301772.73,103,138133.31,2828,3601059.33
2023-12-02,295,327366.71,10,11314.49,0,0.0
2023-12-03,219,226342.35,6,6325.41,0,0.0
2023-12-04,2410,3349132.25,81,111983.93,2916,3746781.74
2023-12-05,2375,2486608.07,73,75966.32,2515,3310268.69
2023-12-06,2069,2264581.25,55,59691.02,2714,3357979.94
2023-12-07,1728,1813055.0,61,64384.66,2522,2927063.02
2023-12-08,1869,2057891.28,62,68520.67,1931,2066345.21
2023-12-09,294,326119.19,10,11430.32,0,0.0
2023-12-10,187,197879.53,6,6436.35,0,0.0
2023-12-11,1946,2304439.36,65,76872.09,2064,2215870.51
2023-12-12,1999,2222575.47,56,61851.2,1965,2254298.78
2023-12-13,2148,2313294.76,71,76318.27,1965,2180994.97
2023-12-14,2018,2260522.66,62,69691.02,2007,2224341.93
2023-12-15,1588,1697179.09,50,53629.56,1993,2202543.63
2023-12-16,317,311644.77,11,10851.73,0,0.0
2023-12-17,214,225019.35,8,8167.72,0,0.0
2023-12-18,1641,1758462.57,58,62230.04,2035,2176491.97
2023-12-19,1995,2028349.6,59,60081.23,1768,1881795.17
2023-12-20,2078,2397905.33,84,97346.92,1844,1896584.47
2023-12-21,1918,2108074.86,54,59405.6,1803,2002690.27
2023-12-22,1720,1773568.77,55,56471.59,1914,2143151.15
2023-12-23,338,346647.51,11,11036.97,0,0.0
2023-12-24,200,219243.24,6,6501.07,0,0.0
2023-12-25,221,229398.13,7,7008.52,0,0.0
2023-12-26,2575,2684452.61,73,75906.4,2295,2466829.73
2023-12-27,2962,3686173.07,86,106917.57,1920,1988852.51
2023-12-28,2687,3310504.22,81,100264.69,2230,2536009.45
2023-12-29,2454,3197484.45,73,94531.67,2662,3183393.39
2023-12-30,333,333307.71,12,12269.24,0,0.0
2023-12-31,175,186829.36,7,6927.79,0,0.0
2024-01-01,188,212332.04,8,8688.67,0,0.0
2024-01-02,4389,5938870.43,146,198177.45,2984,3703087.84
2024-01-03,2923,3938415.81,86,116407.88,3352,4374738.09
2024-01-04,1963,2073050.32,69,72947.43,3268,4321488.07
2024-01-05,1714,1851794.2,51,54916.03,3239,4072222.29
2024-01-06,259,296169.58,8,9008.8,0,0.0
2024-01-07,142,157110.08,6,6105.08,0,0.0
2024-01-08,1767,1888250.47,57,60448.25,2554,3012636.27
2024-01-09,2397,2492725.97,81,84383.35,1844,1957871.24
2024-01-10,2260,2333126.86,66,68096.29,1808,1899733.9
2024-01-11,2041,2196364.76,65,70171.23,2021,2097034.86
2024-01-12,1765,1977657.18,47,52595.63,2310,2441765.58
2024-01-13,253,263687.42,8,8427.39,0,0.0
2024-01-14,154,170669.15,5,5131.59,0,0.0
2024-01-15,200,223749.75,7,7675.43,0,0.0
2024-01-16,3278,3506320.92,105,112413.9,2371,2579947.04
2024-01-17,2500,2817596.61,72,81136.91,2174,2352076.5
2024-01-18,2082,2144706.01,63,65343.42,2354,2586199.74
2024-01-19,1955,1943583.85,59,58772.6,2805,3045684.38
2024-01-20,331,352211.28,12,12995.13,0,0.0
2024-01-21,178,180074.96,6,5620.03,0,0.0
2024-01-22,2232,2491445.43,84,93606.01,2622,2724534.52
2024-01-23,2372,2378190.19,71,71621.19,2045,2192212.97
2024-01-24,2419,2647891.41,71,78058.59,2125,2174327.9
2024-01-25,2040,2346174.73,76,87642.69,2201,2301397.17
2024-01-26,1905,2019381.47,66,69893.35,2261,2455176.84
2024-01-27,304,332873.85,9,10085.61,0,0.0
2024-01-28,165,187297.4,6,6370.59,0,0.0
2024-01-29,3328,4322798.2,123,159575.08,2466,2692923.2
2024-01-30,3954,5153565.08,141,183510.21,2196,2637710.94
2024-01-31,3968,5597455.38,137,192830.51,2814,3584018.03
2024-02-01,3695,4934411.11,115,153276.11,3650,4901999.03
2024-02-02,2924,3838546.74,109,143120.68,3731,5017350.96
2024-02-03,296,312428.2,9,9925.46,0,0.0
2024-02-04,113,120817.96,4,4133.82,0,0.0
2024-02-05,2112,2299249.92,73,79281.12,3589,4740381.21
2024-02-06,2390,2695934.34,87,98624.38,3261,3988945.42
2024-02-07,2548,2638369.38,84,87460.81,2645,3059743.34
2024-02-08,2264,2789004.15,78,95558.15,2288,2476812.52
2024-02-09,1880,2011515.15,65,69188.62,2307,2665538.42
2024-02-10,251,261041.85,7,6914.01,0,0.0
2024-02-11,106,121431.39,3,3810.02,0,0.0
2024-02-12,2086,2267732.86,59,64631.41,2311,2584424.8
2024-02-13,2308,2305955.29,75,74960.8,2173,2412427.12
2024-02-14,2305,2417462.22,72,75568.63,2163,2231641.56
2024-02-15,2380,2500955.69,75,79017.78,2164,2249712.91
2024-02-16,2022,2262787.18,70,77876.71,2252,2352599.55
2024-02-17,280,295654.05,9,9136.57,0,0.0
2024-02-18,126,136892.22,4,4362.3,0,0.0
2024-02-19,165,177090.55,6,6361.58,0,0.0
2024-02-20,3424,3611962.07,130,137174.3,2454,2653140.96
2024-02-21,2674,3052784.29,79,90224.8,2305,2463813.38
2024-02-22,2192,2399274.2,66,72033.23,2578,2869430.02
2024-02-23,2196,2509683.89,67,76666.89,2962,3260565.52
2024-02-24,281,282396.95,9,8744.17,0,0.0
2024-02-25,114,118535.2,4,4061.58,0,0.0
2024-02-26,2222,2364082.49,77,81884.96,2614,2953581.11
2024-02-27,3919,5039730.25,127,163417.57,2281,2530196.67
2024-02-28,4182,5673926.26,124,168556.2,2451,2988789.23
2024-02-29,3508,4705812.42,115,153769.05,3104,4023728.03
2024-03-01,2948,4007429.47,113,153794.25,3731,5031797.0
2024-03-02,260,282788.98,8,8431.42,0,0.0
2024-03-03,76,81435.44,2,2605.03,0,0.0
2024-03-04,2974,3600070.85,102,123637.26,3556,4725486.61
2024-03-05,2636,2933578.04,86,95403.98,3121,4013813.49
2024-03-06,2882,3251612.74,102,114505.4,3110,3782788.86
2024-03-07,2218,2458189.89,66,72919.12,2881,3275019.68
2024-03-08,2343,2559894.25,76,82955.99,2593,2924828.01
2024-03-09,223,254569.68,8,9313.67,0,0.0
2024-03-10,72,75902.77,2,2237.6,0,0.0
2024-03-11,2267,2443421.27,64,69072.62,2717,3027350.49
2024-03-12,2705,2780454.95,84,86266.92,2302,2469062.0
2024-03-13,2809,3033466.84,93,99951.92,2375,2497460.43
2024-03-14,2545,2930937.84,90,104131.83,2448,2641441.76
2024-03-15,2234,2374356.52,66,70476.86,2635,2911034.75
2024-03-16,251,255460.89,8,8087.29,0,0.0
2024-03-17,76,86489.57,3,3185.04,0,0.0
2024-03-18,2525,2578407.53,92,94410.41,2673,2936295.59
2024-03-19,2739,3032169.36,76,84603.36,2490,2606036.32
2024-03-20,2713,2838558.34,79,82366.49,2374,2563863.76
2024-03-21,2248,2328758.26,71,73854.28,2543,2723313.37
2024-03-22,2299,2404821.84,68,70788.4,2555,2687746.27
2024-03-23,238,250306.62,7,7781.77,0,0.0
2024-03-24,69,74819.88,2,2450.36,0,0.0
2024-03-25,2175,2532108.48,76,88561.47,2528,2633995.93
2024-03-26,2794,2979182.85,88,94144.71,2217,2443213.08
2024-03-27,3842,5163632.24,105,141641.48,2280,2458462.13
2024-03-28,3428,4492824.76,106,138522.02,2546,3086210.45
2024-03-29,3214,4197043.13,98,128447.35,3039,3895140.57
2024-03-30,230,245806.35,9,9199.05,0,0.0
2024-03-31,76,81093.0,3,2821.54,0,0.0
2024-04-01,3587,4753614.51,109,144867.86,3530,4613355.76
2024-04-02,4169,5393423.62,148,191339.45,3399,4487630.33
2024-04-03,2800,3097133.99,89,98179.23,3618,4767187.35
2024-04-04,2442,2793405.5,88,100292.36,3689,4513297.73
2024-04-05,1993,2321601.49,53,61215.14,3349,3946388.88
2024-04-06,235,245622.51,6,6521.05,0,0.0
2024-04-07,61,60616.74,2,2024.89,0,0.0
2024-04-08,2294,2427181.26,74,78416.86,2504,2850509.42
2024-04-09,2738,2914274.22,90,95306.7,2238,2483353.45
2024-04-10,2805,2870308.01,88,90198.65,2306,2448861.2
2024-04-11,2422,2628490.21,93,100965.6,2634,2710651.89
2024-04-12,2318,2577345.86,72,80437.78,2621,2780393.95
2024-04-13,222,230270.23,5,5264.59,0,0.0
2024-04-14,57,59563.92,2,1892.74,0,0.0
2024-04-15,2511,2829497.96,68,76846.33,2513,2728220.39
2024-04-16,3052,3205452.26,101,106580.43,2430,2740979.88
2024-04-17,3108,3551209.23,95,108165.08,2573,2812455.93
2024-04-18,2339,2450156.85,76,79441.69,2643,2942689.69
2024-04-19,2090,2271778.1,78,84835.46,2780,2987561.42
2024-04-20,248,262281.84,9,9244.05,0,0.0
2024-04-21,60,61870.33,2,2184.76,0,0.0
2024-04-22,2252,2780002.34,77,94568.96,2648,2879182.59
2024-04-23,2648,3137738.57,74,87457.24,2160,2475873.36
2024-04-24,2527,2670712.69,68,71963.68,2207,2648244.22
2024-04-25,2373,2518772.0,78,83217.38,2517,2811289.63
2024-04-26,3197,4677781.79,89,130214.76,2568,2800028.78
2024-04-27,226,245470.11,7,7858.48,0,0.0
2024-04-28,58,66107.04,2,2145.18,0,0.0
2024-04-29,3593,4896164.1,126,172380.67,2356,3001474.58
2024-04-30,4437,6242091.28,143,200531.53,2732,3711122.43
2024-05-01,3842,5203713.92,136,184883.59,3714,5193068.21
2024-05-02,3960,5085890.84,132,170009.48,3839,5282613.95
2024-05-03,2430,2571260.5,76,79928.24,3917,5239520.9
2024-05-04,277,297117.19,7,7770.3,0,0.0
2024-05-05,83,94109.06,3,3441.46,0,0.0
2024-05-06,2397,2487393.83,73,75422.67,3908,4685731.97
2024-05-07,2963,3159988.63,96,101935.54,3231,3633160.48
2024-05-08,2645,2672755.57,80,80839.38,2424,2586853.7
2024-05-09,2625,2779002.85,73,77756.28,2679,2772058.43
2024-05-10,2108,2365301.96,71,80020.79,2762,2892536.42
2024-05-11,285,315999.06,10,11412.56,0,0.0
2024-05-12,76,82496.26,2,2639.74,0,0.0
2024-05-13,2508,2865778.57,85,97005.04,2465,2700224.08
2024-05-14,2927,3297470.91,93,105147.82,2393,2727655.01
2024-05-15,2885,3281920.35,99,112720.22,2408,2727810.88
2024-05-16,2471,2500960.04,87,87686.31,2669,3102780.83
2024-05-17,2093,2325984.02,79,87412.32,2807,2996933.72
2024-05-18,251,259225.66,9,8799.94,0,0.0
2024-05-19,80,87441.94,3,2977.52,0,0.0
2024-05-20,2674,2766469.15,76,78256.9,2557,2787269.32
2024-05-21,3165,3388261.03,80,85203.09,2411,2569157.12
2024-05-22,2934,3375485.85,95,108915.34,2463,2638728.61
2024-05-23,2290,2406658.82,59,62393.75,2677,2958791.1
2024-05-24,2097,2433356.92,69,80321.03,2908,3123243.7
2024-05-25,261,280399.0,9,9736.91,0,0.0
2024-05-26,69,75662.7,3,3125.99,0,0.0
2024-05-27,121,141049.48,4,5028.07,0,0.0
2024-05-28,3520,3914189.05,113,125320.21,2721,3041968.48
2024-05-29,4048,5430227.06,126,169215.71,2301,2532138.17
2024-05-30,3860,5165347.78,159,212998.67,2944,3604926.78
2024-05-31,3206,4433877.79,106,146019.64,3694,4742469.68
2024-06-01,294,319746.17,9,10199.96,0,0.0
2024-06-02,129,141296.5,4,3986.64,0,0.0
2024-06-03,3352,4610201.54,103,141129.65,3772,5061584.93
2024-06-04,4081,5435606.73,122,162276.88,3448,4616417.42
2024-06-05,3037,3326819.11,84,92502.36,3526,4792922.42
2024-06-06,2405,2447391.94,60,61507.04,3729,4665368.5
2024-06-07,2299,2485490.85,72,77732.68,3403,3837298.81
2024-06-08,298,319010.04,9,9999.54,0,0.0
2024-06-09,121,126524.44,4,4080.81,0,0.0
2024-06-10,2782,2836314.49,90,91872.52,2777,2989701.95
2024-06-11,2702,3141938.05,90,104513.49,2482,2530151.78
2024-06-12,3319,3738558.28,115,129596.73,2395,2602007.25
2024-06-13,2734,3085953.45,84,94569.98,2736,3086429.62
2024-06-14,1951,2142067.19,58,64150.48,3111,3541541.53
2024-06-15,312,351235.13,12,13387.54,0,0.0
2024-06-16,133,149795.71,4,4359.86,0,0.0
2024-06-17,2364,2670102.12,75,84931.05,2849,3227411.21
2024-06-18,2947,3404612.87,92,106641.54,2342,2648036.61
2024-06-19,199,223961.71,7,7493.77,0,0.0
2024-06-20,3437,3859924.93,102,115007.29,2502,2910305.36
2024-06-21,2406,2552493.79,87,92248.48,2571,2934823.71
2024-06-22,316,322414.99,8,8561.05,0,0.0
2024-06-23,125,147092.22,4,4688.32,0,0.0
2024-06-24,2399,2553634.47,66,70729.32,3264,3585088.01
2024-06-25,3078,3404634.55,103,113802.22,3048,3325067.9
2024-06-26,4087,5675682.92,138,192122.41,2355,2583501.31
2024-06-27,3932,5108070.54,149,192950.54,2760,3481624.54
2024-06-28,3222,4462714.23,132,183156.45,3459,4485707.64
2024-06-29,339,359105.3,11,11795.78,0,0.0
2024-06-30,122,137522.47,5,5098.97,0,0.0
2024-07-01,3263,4498861.15,107,147537.62,3824,5082637.74
2024-07-02,4215,5616281.17,158,210378.03,3443,4666581.16
2024-07-03,2960,3383585.33,91,103776.08,3533,4777258.24
2024-07-04,245,264169.29,9,9410.93,0,0.0
2024-07-05,3004,3661176.87,101,123521.34,3756,4732750.45
2024-07-06,392,429162.69,15,16520.3,0,0.0
2024-07-07,189,202429.61,6,6486.71,0,0.0
2024-07-08,2647,2795844.92,75,79370.45,4046,4942439.3
2024-07-09,3072,3315908.96,105,113377.57,3168,3537626.19
2024-07-10,2845,3118712.1,95,104199.83,2981,3220563.63
2024-07-11,2862,3192727.83,102,113446.35,2794,3053273.38
2024-07-12,2062,2192289.11,65,68818.51,2782,3053741.41
2024-07-13,369,403840.88,14,14802.91,0,0.0
2024-07-14,198,209151.86,6,6710.99,0,0.0
2024-07-15,2541,2701772.87,80,85175.83,2634,2871904.6
2024-07-16,2798,2843672.6,93,94133.17,2522,2710834.28
2024-07-17,2887,3154481.68,84,91477.84,2612,2694728.6
2024-07-18,2273,2583791.61,72,81459.39,2605,2805584.19
2024-07-19,2335,2569909.31,75,82400.21,2468,2728777.63
2024-07-20,371,409857.13,11,11667.21,0,0.0
2024-07-21,213,234967.48,9,9411.79,0,0.0
2024-07-22,2489,2632563.55,80,84111.9,2737,3046218.57
2024-07-23,2749,3042199.36,87,96656.74,2509,2746727.98
2024-07-24,2852,3036943.3,103,109501.85,2440,2662037.26
2024-07-25,2542,3128161.09,76,94097.14,2585,2763656.72
2024-07-26,2477,2983335.35,84,100732.8,2576,2992132.85
2024-07-27,382,446930.18,14,16176.74,0,0.0
2024-07-28,208,223360.52,7,7271.62,0,0.0
2024-07-29,3911,5392806.23,120,166062.9,2865,3354842.97
2024-07-30,4180,5659710.77,159,214946.01,2763,3612013.14
2024-07-31,4366,6040776.61,142,196049.74,3219,4285167.68
2024-08-01,3922,5087646.16,133,172359.31,4034,5485415.19
2024-08-02,3188,4486167.41,97,136887.35,4002,5384674.92
2024-08-03,454,477786.36,14,14342.9,0,0.0
2024-08-04,268,302688.53,8,8890.23,0,0.0
2024-08-05,2714,3147635.48,92,106862.68,4052,5373007.21
2024-08-06,3112,3258840.71,88,92453.5,3802,4779458.62
2024-08-07,2936,3179559.21,95,102770.03,3399,3927680.74
2024-08-08,2795,3188940.82,71,80624.6,2871,3089136.61
2024-08-09,2466,2645012.63,72,77286.79,2858,3150902.37
2024-08-10,511,569382.58,16,17355.3,0,0.0
2024-08-11,272,298501.48,8,8396.8,0,0.0
2024-08-12,2569,2724193.47,101,106627.53,3033,3305951.39
2024-08-13,3224,3501065.45,104,112623.23,2726,2952230.37
2024-08-14,3270,3686850.04,111,125684.55,2786,3030760.03
2024-08-15,2602,2790524.44,64,68596.94,2894,3146595.09
2024-08-16,2361,2756832.28,69,80358.39,2948,3239284.41
2024-08-17,462,480740.53,14,14820.11,0,0.0
2024-08-18,259,292778.0,8,9170.42,0,0.0
2024-08-19,2614,2775967.52,73,77225.97,3034,3386145.85
2024-08-20,3090,3271783.8,98,104200.49,2676,2926440.11
2024-08-21,2882,3162714.05,94,103277.95,2661,2884832.84
2024-08-22,2524,2926833.72,96,111366.72,2720,2916819.93
2024-08-23,2504,2751087.9,80,87715.62,2755,3140635.46
2024-08-24,447,539671.15,15,17644.45,0,0.0
2024-08-25,286,304069.84,8,8832.51,0,0.0
2024-08-26,2632,2881989.41,101,110379.68,2998,3341478.51
2024-08-27,3081,3369185.75,104,113600.63,2699,2999359.36
2024-08-28,4575,5931159.09,149,192822.81,2622,2881492.75
2024-08-29,3962,5428372.12,122,166780.1,2950,3547172.88
2024-08-30,3395,4626427.85,102,138520.7,3518,4547224.66
2024-08-31,441,463081.98,14,14274.93,0,0.0
2024-09-01,332,372118.65,10,11211.33,0,0.0
2024-09-02,443,479067.55,16,17786.58,0,0.0
2024-09-03,5150,7115901.69,132,181905.92,4478,5798386.39
2024-09-04,4480,6043491.57,129,174378.3,4454,6079185.75
2024-09-05,2784,3219264.77,109,125983.37,4423,6106608.24
2024-09-06,2295,2529272.69,55,60620.2,4330,5589395.89
2024-09-07,531,608789.59,16,18578.76,0,0.0
2024-09-08,345,361544.86,10,10356.23,0,0.0
2024-09-09,2791,2965609.09,80,84968.04,3834,4492566.98
2024-09-10,3039,3559485.13,91,106322.76,2880,3126182.71
2024-09-11,3032,3241349.53,88,94433.25,2632,3033927.63
2024-09-12,2985,3103421.46,92,95248.24,2882,3177258.93
2024-09-13,2540,2695366.97,79,83361.2,3150,3357510.54
2024-09-14,557,601400.04,22,23854.76,0,0.0
2024-09-15,336,364103.18,12,12809.74,0,0.0
2024-09-16,2556,2615301.23,84,85800.38,3234,3382404.89
2024-09-17,3013,3409823.55,88,99209.45,2777,2899559.37
2024-09-18,2772,3068502.24,70,77127.9,2662,2906293.16
2024-09-19,2832,2924583.43,100,103659.21,2735,3005432.07
2024-09-20,2381,2696162.61,78,88804.0,2894,3070779.23
2024-09-21,473,543925.8,14,15889.5,0,0.0
2024-09-22,344,386104.12,12,13165.3,0,0.0
2024-09-23,2508,2960007.38,75,88877.1,2972,3289896.84
2024-09-24,3279,3748761.71,103,117753.09,2650,3020341.08
2024-09-25,2856,3040429.34,83,88795.45,2582,2962913.79
2024-09-26,4037,5523587.27,124,169907.52,2889,3150796.45
2024-09-27,3581,4861637.75,120,162895.8,3002,3807326.49
2024-09-28,566,600009.94,17,18310.51,0,0.0
2024-09-29,317,340967.21,11,11353.15,0,0.0
2024-09-30,3719,4988195.54,119,159046.18,3515,4592188.36
2024-10-01,4455,6462460.82,141,203865.51,3897,5156967.77
2024-10-02,4576,6110984.6,144,192339.68,3935,5488140.35
2024-10-03,2750,2956799.75,91,97401.45,4159,5748054.62
2024-10-04,2490,2688558.62,83,89873.15,4257,5448819.59
2024-10-05,504,557154.0,15,17057.49,0,0.0
2024-10-06,354,403591.38,12,13191.8,0,0.0
2024-10-07,2688,2917062.77,76,82991.42,3917,4564658.24
2024-10-08,3137,3405110.01,92,99924.3,2805,3054322.92
2024-10-09,2821,3118254.48,77,84993.0,2748,3014886.29
2024-10-10,2729,2915398.96,89,95070.85,2794,3055982.31
2024-10-11,2595,2935038.04,88,98993.21,2884,3178747.59
2024-10-12,544,587213.92,19,20022.26,0,0.0
2024-10-13,378,419200.38,11,12140.1,0,0.0
2024-10-14,444,458044.99,14,14799.95,0,0.0
2024-10-15,4846,4918731.06,181,183232.21,3392,3748554.5
2024-10-16,3192,3468364.86,116,125566.36,3238,3374226.96
2024-10-17,3154,3482520.19,94,103635.38,3610,3831156.9
2024-10-18,2483,2765481.99,77,85249.56,3813,4124326.68
2024-10-19,546,643716.76,18,20964.58,0,0.0
2024-10-20,339,371937.49,11,11655.1,0,0.0
2024-10-21,2508,2772143.12,64,70797.64,3402,3745038.33
2024-10-22,3308,4073395.1,111,136641.67,2951,3303934.57
2024-10-23,3169,3487540.2,91,100525.01,2473,2885719.62
2024-10-24,2945,3249015.91,83,91121.29,2891,3266346.67
2024-10-25,2736,3131993.09,92,105426.23,3291,3751858.7
2024-10-26,555,612793.48,17,18240.01,0,0.0
2024-10-27,375,387804.85,12,12456.96,0,0.0
2024-10-28,2391,2580051.54,78,84544.08,3437,3812333.74
2024-10-29,4267,5674523.22,151,200199.97,2867,3147749.56
2024-10-30,4183,6029360.67,126,181704.08,2740,3395109.63
2024-10-31,4294,6416886.73,136,203605.25,3219,4391265.68
2024-11-01,3323,4728832.9,106,150427.78,4112,5851267.08
2024-11-02,550,661384.42,17,20717.4,0,0.0
2024-11-03,366,381843.63,13,13188.94,0,0.0
2024-11-04,3732,5075732.52,107,145702.13,4351,6143755.05
2024-11-05,3281,3464944.03,107,113208.43,3888,5476847.87
2024-11-06,2952,3394993.6,93,107172.0,3951,4936790.3
2024-11-07,2935,3281069.55,114,127861.07,3594,4272379.84
2024-11-08,2881,3114856.14,76,82148.0,2947,3297977.48
2024-11-09,541,588869.9,18,19614.48,0,0.0
2024-11-10,345,399634.72,11,12615.64,0,0.0
2024-11-11,2613,2830908.75,85,92098.44,3351,3699965.34
2024-11-12,3602,3813521.72,141,148882.01,2903,3114898.61
2024-11-13,2976,3463552.67,92,107328.48,2981,3191122.87
2024-11-14,2442,2574618.21,75,78570.88,2985,3301990.45
2024-11-15,2560,2804071.25,74,81408.76,2848,3115856.76
2024-11-16,537,612427.04,16,18399.25,0,0.0
2024-11-17,324,359269.99,11,12726.44,0,0.0
2024-11-18,2650,3106676.26,90,105709.39,3041,3309737.18
2024-11-19,3004,3411951.27,88,99578.73,2765,3098611.32
2024-11-20,3143,3486610.76,103,114588.45,2750,3145802.35
2024-11-21,2634,2986174.02,72,81642.94,2831,3131628.19
2024-11-22,2654,2997340.83,79,88938.3,2861,3278228.27
2024-11-23,554,568488.96,18,18156.88,0,0.0
2024-11-24,365,391608.09,11,11613.54,0,0.0
2024-11-25,2979,3193064.66,90,96741.14,3252,3538745.9
2024-11-26,4361,5854264.09,158,211597.61,2948,3205096.1
2024-11-27,5175,7203062.5,153,212789.45,2895,3486567.66
2024-11-28,408,456070.93,13,14818.04,0,0.0
2024-11-29,4631,6451598.02,136,189334.4,3973,5248370.4
2024-11-30,528,603115.22,17,19859.37,0,0.0
2024-12-01,308,347590.21,9,9938.13,0,0.0
2024-12-02,4065,5939948.15,129,188932.59,5181,6983680.58
2024-12-03,5347,7076096.6,160,212025.63,4721,6514422.17
2024-12-04,3681,4355980.88,148,174547.54,4665,6391153.06
2024-12-05,3078,3394012.0,93,102304.59,4359,5719872.67
2024-12-06,2369,2564005.76,71,76832.45,4279,5070745.66
2024-12-07,514,591628.06,19,21706.38,0,0.0
2024-12-08,253,288627.43,9,10010.8,0,0.0
2024-12-09,2894,3107398.92,97,104543.95,3541,3928287.55
2024-12-10,3457,3829196.36,101,112113.94,2952,3233881.57
2024-12-11,2935,3458960.87,81,95509.98,2831,3084521.01
2024-12-12,3097,3588740.75,119,138255.43,2963,3324189.89
2024-12-13,2498,2989342.31,79,94531.89,3204,3725847.12
2024-12-14,505,557182.11,18,19879.45,0,0.0
2024-12-15,323,374243.47,12,13448.44,0,0.0
2024-12-16,2969,3264491.58,107,118032.04,3192,3726009.6
2024-12-17,3264,3512915.75,111,119301.98,3028,3453712.76
2024-12-18,3363,3862326.22,103,117887.33,2974,3265434.94
2024-12-19,2812,2886531.96,87,89120.81,3021,3392180.54
2024-12-20,2606,2682142.93,87,90042.39,3052,3320666.12
2024-12-21,459,492843.8,16,17351.08,0,0.0
2024-12-22,303,319901.43,10,10311.63,0,0.0
2024-12-23,2922,3229716.32,101,111414.56,3240,3431120.08
2024-12-24,3125,3261273.85,106,110831.85,2896,3082526.09
2024-12-25,453,499394.23,14,14999.32,0,0.0
2024-12-26,4082,4583209.93,115,128888.9,3192,3446366.14
2024-12-27,3919,5621901.58,129,184438.78,2956,3236921.78
2024-12-28,467,489678.65,11,11883.01,0,0.0
2024-12-29,316,342242.09,10,11189.88,0,0.0
2024-12-30,3666,5314879.73,123,178939.62,3688,4500835.94
2024-12-31,4387,6634861.25,155,235141.5,3953,5318138.29
2025-01-01,312,365063.5,10,11267.83,0,0.0
2025-01-02,5546,8099590.35,175,255625.24,4141,6036319.96
2025-01-03,3884,5796203.41,120,178718.87,4562,6768329.74
2025-01-04,409,439945.91,14,14751.79,0,0.0
2025-01-05,222,255499.1,9,9823.3,0,0.0
2025-01-06,2661,3139181.17,91,107232.93,4830,7169302.96
2025-01-07,3548,4089809.42,112,129606.98,4457,6105676.71
2025-01-08,3273,3785047.77,113,130785.36,3470,4321775.93
2025-01-09,2896,3117731.0,81,86910.1,3039,3507503.93
2025-01-10,2705,3028511.99,90,101057.28,3373,3745523.33
2025-01-11,432,500389.69,14,16223.68,0,0.0
2025-01-12,212,247371.07,7,7661.41,0,0.0
2025-01-13,2990,3048982.06,107,108939.97,3276,3641979.91
2025-01-14,3513,4085080.32,111,128906.77,2981,3174501.02
2025-01-15,3475,3926235.74,121,137096.76,2812,3125816.07
2025-01-16,3188,3585111.43,109,122465.98,3060,3470884.45
2025-01-17,2753,2987895.54,93,100590.47,3424,3859066.54
2025-01-18,406,433748.62,13,13879.03,0,0.0
2025-01-19,213,238207.1,7,7469.2,0,0.0
2025-01-20,253,302736.48,9,10889.02,0,0.0
2025-01-21,4253,4530580.39,156,166212.18,3661,4111624.2
2025-01-22,3238,3272877.67,95,95741.75,3216,3543945.09
2025-01-23,3059,3356138.22,91,99588.02,3556,3617572.37
2025-01-24,2679,3239244.46,92,111419.22,3657,3868946.25
2025-01-25,431,473039.2,15,16496.15,0,0.0
2025-01-26,208,210716.26,6,5887.87,0,0.0
2025-01-27,2913,3087780.48,91,96407.06,3160,3573744.13
2025-01-28,3329,3521965.8,106,112431.83,3032,3395805.78
2025-01-29,4859,6773039.22,155,215445.18,2947,3147008.91
2025-01-30,3982,5635412.63,118,167666.27,3129,3844631.54
2025-01-31,3773,5140254.7,113,153783.15,3599,4965824.16
2025-02-01,377,423458.74,12,13203.39,0,0.0
2025-02-02,146,166392.45,5,5512.11,0,0.0
2025-02-03,4700,6560339.3,127,177448.96,4315,5973457.15
2025-02-04,5102,6801674.19,159,212654.91,4216,5758789.69
2025-02-05,3511,3831447.03,121,131722.16,4519,6190192.02
2025-02-06,3149,3551266.08,90,101983.72,4704,5957336.97
2025-02-07,2594,2727215.1,84,88401.96,4147,4894805.8
2025-02-08,381,461003.28,13,15568.23,0,0.0
2025-02-09,152,167327.23,5,5959.44,0,0.0
2025-02-10,2428,2597285.8,82,87439.31,3272,3554519.0
2025-02-11,3687,4028136.36,137,149874.82,2693,2883797.77
2025-02-12,3264,3709645.32,102,116483.0,2855,3148763.64
2025-02-13,3428,3818889.74,111,123447.23,3167,3475927.22
2025-02-14,2466,2729549.69,80,88894.71,3434,3771524.84
2025-02-15,420,501090.68,11,13695.05,0,0.0
2025-02-16,144,161547.68,5,5285.72,0,0.0
2025-02-17,219,236787.02,7,8021.08,0,0.0
2025-02-18,4581,5344461.45,154,179188.36,3273,3669813.53
2025-02-19,3078,3597137.26,108,126774.22,3104,3524060.35
2025-02-20,3079,3268564.28,87,92652.2,3597,4178510.18
2025-02-21,2665,2872162.89,84,90314.87,3864,4375598.15
2025-02-22,360,397615.92,11,12390.4,0,0.0
2025-02-23,148,162552.23,5,5126.59,0,0.0
2025-02-24,2777,3362218.3,98,118796.84,3042,3372671.4
2025-02-25,3397,3656552.98,97,104380.64,2657,3029557.31
2025-02-26,5055,7018163.55,150,208788.16,2756,3006671.4
2025-02-27,4070,5650830.9,123,170750.94,3391,4384613.64
2025-02-28,3537,4776403.77,126,170527.35,3856,5115724.1
2025-03-01,300,318602.96,9,10098.25,0,0.0
2025-03-02,99,102942.61,3,2947.03,0,0.0
2025-03-03,4679,6416150.98,163,223484.76,4345,5838573.69
2025-03-04,5065,7238925.07,152,217540.65,4075,5597594.64
2025-03-05,3658,3907053.72,120,127825.87,4317,6018986.11
2025-03-06,3155,3354891.57,97,102920.92,4753,6161209.36
2025-03-07,3097,3582749.83,104,120244.06,4257,5002779.86
2025-03-08,334,374613.14,10,11296.36,0,0.0
2025-03-09,96,114156.66,3,3274.66,0,0.0
2025-03-10,2860,3067367.67,304,325615.38,3507,3963773.84
2025-03-11,3585,4084286.4,369,420826.75,2872,3144490.97
2025-03-12,3251,3901434.72,314,377194.14,2879,3205793.96
2025-03-13,2946,3464750.74,182,213443.81,2987,3504079.51
2025-03-14,2831,3530840.75,199,248728.95,3005,3592666.34
2025-03-15,303,326102.57,18,19616.91,0,0.0
2025-03-16,102,106333.92,6,5782.27,0,0.0
2025-03-17,2908,3369043.44,141,163569.14,2946,3535459.68
2025-03-18,3081,3318650.17,158,170183.59,2840,3381582.12
2025-03-19,3435,3833593.69,124,138002.64,2887,3223388.77
2025-03-20,3316,3712501.49,113,126610.6,2949,3244237.41
2025-03-21,2969,3401935.73,98,111881.12,3106,3514263.27
2025-03-22,313,316421.22,12,11948.73,0,0.0
2025-03-23,93,101277.06,4,3884.76,0,0.0
2025-03-24,3134,3467513.44,130,144068.19,3418,3873773.24
2025-03-25,3546,4000685.57,110,123780.07,3184,3559781.06
2025-03-26,3573,3956631.81,110,121769.02,3029,3435027.32
2025-03-27,4680,6740334.91,166,239610.12,3240,3578464.01
2025-03-28,4196,5564766.51,166,220593.52,3424,4352303.63
2025-03-29,300,329839.47,8,9169.95,0,0.0
2025-03-30,96,110625.04,3,3752.45,0,0.0
2025-03-31,4847,6374657.31,175,230352.23,3892,5106480.81
2025-04-01,5356,7546248.95,164,230583.3,4525,6168570.61
2025-04-02,4701,6616030.9,142,199205.88,4736,6403494.97
2025-04-03,3242,3824000.88,85,100578.02,4806,6689366.68
2025-04-04,2885,3132981.52,85,92052.02,4786,6416588.29
2025-04-05,287,326631.11,9,10270.01,0,0.0
2025-04-06,78,92873.65,2,2626.75,0,0.0
2025-04-07,2899,3347349.02,94,108863.33,4063,4898257.87
2025-04-08,3813,4268237.71,114,127384.6,2991,3346283.91
2025-04-09,3462,3830595.38,105,116619.09,3136,3520158.54
2025-04-10,3220,3836820.87,96,114224.4,3439,3806588.74
2025-04-11,2763,3046458.75,91,100806.52,3446,3995772.06
2025-04-12,296,319741.24,9,9513.86,0,0.0
2025-04-13,77,86636.85,3,3020.89,0,0.0
2025-04-14,3331,3876191.65,114,132511.64,3099,3448859.86
2025-04-15,3743,4372453.16,132,153745.61,3143,3615407.28
2025-04-16,3446,3689000.56,116,123739.49,3232,3680966.62
2025-04-17,3448,4059424.07,118,138555.5,3445,3849007.79
2025-04-18,2913,3307023.85,85,96984.63,3444,4002659.91
2025-04-19,341,388888.58,10,11449.47,0,0.0
2025-04-20,74,83010.77,2,2782.95,0,0.0
2025-04-21,2696,2909013.08,75,81190.22,3287,3744150.25
2025-04-22,3400,3804671.06,119,133284.95,2948,3299043.32
2025-04-23,3343,3726260.36,95,105583.84,2902,3258382.36
2025-04-24,3215,3216641.59,119,118865.84,3064,3386157.56
2025-04-25,2956,3429041.88,100,116493.2,3335,3461861.39
2025-04-26,263,293387.63,9,10458.39,0,0.0
2025-04-27,79,94533.42,3,3059.71,0,0.0
2025-04-28,3800,5211804.67,109,149011.23,3289,3718507.86
2025-04-29,5070,6928986.8,155,211425.63,2730,3391054.43
2025-04-30,5701,8619126.16,172,260476.11,3505,4769896.97
2025-05-01,4386,6297157.5,152,218195.14,4806,6892692.0
2025-05-02,4376,6411979.09,152,222942.9,4865,6997423.13
2025-05-03,356,394232.02,11,11746.89,0,0.0
2025-05-04,105,109661.95,4,4157.48,0,0.0
2025-05-05,3124,3433659.89,97,106108.35,4851,6981678.49
2025-05-06,3917,4303300.58,136,148903.87,4511,5904908.84
2025-05-07,3886,4378955.99,131,147275.06,3962,4854488.42
2025-05-08,3345,3594150.08,103,110213.7,3342,3677959.16
2025-05-09,2912,3152574.72,102,110715.82,3843,4250378.37
2025-05-10,345,407818.47,11,12681.46,0,0.0
2025-05-11,96,104880.76,3,2850.57,0,0.0
2025-05-12,3009,3536362.52,98,114998.75,3627,3990953.24
2025-05-13,3307,3662630.01,114,126542.07,3049,3528988.14
2025-05-14,3742,4148904.19,111,122791.96,3071,3413920.22
2025-05-15,3679,3922390.41,135,144390.84,3196,3558030.47
2025-05-16,2645,3030810.31,98,112139.09,3510,3840937.09
2025-05-17,322,374019.27,9,11004.57,0,0.0
2025-05-18,94,111747.61,4,4724.03,0,0.0
2025-05-19,2682,2937516.04,92,100519.74,3410,3797604.17
2025-05-20,3823,4327339.01,118,133040.99,2890,3111710.14
2025-05-21,3540,3831855.52,119,129033.21,2945,3295989.07
2025-05-22,3623,3782251.98,123,128302.36,3361,3722779.03
2025-05-23,2787,3365199.1,85,102587.53,3696,3992801.1
2025-05-24,327,361015.96,9,9935.8,0,0.0
2025-05-25,106,115774.87,3,2969.33,0,0.0
2025-05-26,169,176494.92,7,6774.72,0,0.0
2025-05-27,5152,5670173.82,157,172433.36,3475,3909496.39
2025-05-28,5231,7163495.95,165,226441.09,3380,3690155.74
2025-05-29,4759,6729675.51,150,211586.7,4018,5020097.24
2025-05-30,4532,6587407.1,137,198721.05,4872,6386603.26
2025-05-31,334,368292.04,12,13013.66,0,0.0
2025-06-01,171,186411.05,5,5896.03,0,0.0
2025-06-02,4736,6439949.79,139,189337.13,4939,6882793.48
2025-06-03,5538,8172641.97,142,209758.31,4678,6501611.38
2025-06-04,3639,4070500.61,124,138406.06,4903,7084016.74
2025-06-05,3175,3563014.77,99,111115.21,5053,6746489.81
2025-06-06,3244,3584206.6,119,131800.24,4371,5489571.56
2025-06-07,379,440351.86,10,12077.35,0,0.0
2025-06-08,182,201264.49,7,7857.27,0,0.0
2025-06-09,3019,3475323.16,83,95381.84,3558,4015612.71
2025-06-10,3845,4485990.58,120,139476.43,3173,3623876.75
2025-06-11,3529,4155767.46,102,119886.16,3096,3614722.93
2025-06-12,3258,3493746.14,87,93196.98,3303,3874255.59
2025-06-13,2717,2901159.42,81,86850.07,3669,4120877.72
2025-06-14,385,426083.39,11,12456.84,0,0.0
2025-06-15,159,189810.83,6,6678.6,0,0.0
2025-06-16,2929,3312629.51,96,109129.83,3382,3700953.91
2025-06-17,3591,4062529.92,110,124015.68,2973,3305832.2
2025-06-18,3680,4029367.74,125,136765.84,3052,3461904.8
2025-06-19,245,297295.33,8,9310.88,0,0.0
2025-06-20,3719,4317873.85,120,139689.07,3441,3847861.23
2025-06-21,428,513905.8,14,17006.17,0,0.0
2025-06-22,175,203235.76,5,5832.08,0,0.0
2025-06-23,3409,3883843.99,114,129791.72,3872,4472660.18
2025-06-24,3876,4492866.07,120,138789.64,3690,4188989.18
2025-06-25,3568,4001552.35,108,121010.05,3517,4057232.31
2025-06-26,4600,6579752.37,136,194487.62,3528,4064420.15
2025-06-27,4245,6114176.44,119,171229.0,3561,4536026.44
2025-06-28,383,459684.6,13,15807.94,0,0.0
2025-06-29,157,168663.02,5,4966.14,0,0.0
2025-06-30,4976,7372657.13,173,255604.5,3960,5402034.14
2025-07-01,5139,7397625.79,148,212416.66,4634,6752634.58
2025-07-02,5719,7477303.83,176,229560.63,4748,6941294.75
2025-07-03,3643,4343119.93,101,119940.01,5148,7245511.38
2025-07-04,311,322682.47,11,11220.92,0,0.0
2025-07-05,548,602879.9,16,17134.5,0,0.0
2025-07-06,271,301259.11,10,11302.81,0,0.0
2025-07-07,3283,3760662.15,107,122812.85,5850,7533045.38
2025-07-08,4035,4712762.43,112,130317.66,4809,5826226.31
2025-07-09,4106,4543869.64,115,126971.37,3597,4119750.12
2025-07-10,3518,3951210.53,116,129981.79,3838,4335021.31
2025-07-11,3001,3336398.67,103,114132.22,3887,4404866.58
2025-07-12,493,596132.46,16,19867.43,0,0.0
2025-07-13,257,282190.84,9,10187.36,0,0.0
2025-07-14,3568,3908442.12,120,131041.04,3674,4087676.01
2025-07-15,3543,4318814.45,109,133124.45,3495,3907437.7
2025-07-16,4181,4851206.27,120,139144.08,3330,3935543.79
2025-07-17,3281,3926751.85,88,105601.36,3447,4048922.85
2025-07-18,3125,3499188.05,76,85462.71,3663,4354693.91
2025-07-19,448,500163.7,14,15700.96,0,0.0
2025-07-20,272,299533.54,9,9840.34,0,0.0
2025-07-21,3886,4495336.2,125,144107.52,3921,4442474.35
2025-07-22,3811,4247894.74,120,133824.32,3460,3953548.33
2025-07-23,3850,4646816.26,124,150038.5,3633,4097801.49
2025-07-24,3606,4124026.21,142,161922.4,3645,4171013.31
2025-07-25,3378,3717942.09,102,112823.64,3681,4307476.84
2025-07-26,487,555789.51,18,20068.81,0,0.0
2025-07-27,244,262011.11,9,9153.21,0,0.0
2025-07-28,3366,3900755.53,114,132183.1,4032,4534535.32
2025-07-29,5565,8170543.18,155,227052.31,3537,4063815.69
2025-07-30,4982,7350464.9,172,253164.0,3509,4611451.76
2025-07-31,5160,7282224.02,166,234321.63,4057,5824075.46
2025-08-01,4298,5784272.06,137,184182.96,5048,7275087.78
2025-08-02,575,628321.16,18,19844.8,0,0.0
2025-08-03,350,397053.9,10,11408.5,0,0.0
2025-08-04,4862,7240132.51,151,224095.35,5290,7191171.05
2025-08-05,4042,4476271.42,103,114185.53,4844,6817460.64
2025-08-06,3954,4401462.83,133,147951.42,4885,6291593.63
2025-08-07,3585,4149813.56,104,120910.34,4697,5669302.57
2025-08-08,3066,3330567.01,98,106952.95,3776,4273600.67
2025-08-09,564,638632.22,17,18892.93,0,0.0
2025-08-10,373,425285.21,12,13449.49,0,0.0
2025-08-11,3561,3831595.01,117,126317.82,3792,4218176.17
2025-08-12,3794,4459536.32,109,128640.25,3578,3964768.29
2025-08-13,4080,4786506.0,141,165008.77,3498,4005931.15
2025-08-14,3648,3977515.96,115,125647.69,3599,4245529.06
2025-08-15,2846,3362147.4,94,110966.05,3829,4275453.1
2025-08-16,589,692788.57,19,22699.53,0,0.0
2025-08-17,371,421801.42,12,14033.42,0,0.0
2025-08-18,3194,3422811.32,122,130772.14,3853,4518313.77
2025-08-19,4039,4626315.31,112,128017.34,3310,3684133.79
2025-08-20,3400,3957252.31,107,124511.79,3377,3797445.64
2025-08-21,3430,3683291.75,112,120449.76,3509,4046520.74
2025-08-22,3197,3490737.77,120,130676.2,3594,3951264.74
2025-08-23,675,809061.1,19,22350.66,0,0.0
2025-08-24,351,393458.2,12,13808.29,0,0.0
2025-08-25,2981,3576561.78,90,108500.9,3752,4169799.95
2025-08-26,3994,4623814.3,122,140878.61,3297,3757506.3
2025-08-27,4886,6909543.2,152,214489.17,3148,3745532.44
2025-08-28,4806,6490864.58,193,260833.8,3398,4466860.86
2025-08-29,4552,6222609.11,148,202285.63,4190,5625854.12
2025-08-30,537,590234.7,16,17957.69,0,0.0
2025-08-31,362,412619.92,11,12645.2,0,0.0
2025-09-01,496,560578.38,16,18498.26,0,0.0
2025-09-02,7288,10214294.09,289,404684.21,5352,7233900.68
2025-09-03,6066,8855188.44,202,294362.64,5854,7839842.1
2025-09-04,3312,4032364.0,101,123288.33,6003,8508473.06
2025-09-05,2883,3210823.81,85,94612.25,5691,7833819.46
2025-09-06,623,666949.3,20,21661.14,0,0.0
2025-09-07,400,473385.52,15,17465.97,0,0.0
2025-09-08,3730,4410429.17,111,131626.8,4826,6015420.53
2025-09-09,3967,4434055.86,126,140707.42,3429,3970519.42
2025-09-10,4445,5207644.98,147,171672.86,3511,4062699.54
2025-09-11,3173,3735369.85,99,116453.51,3880,4471858.62
2025-09-12,3108,3792973.28,119,145372.0,3884,4604584.56
2025-09-13,652,711079.39,18,19608.66,0,0.0
2025-09-14,427,460970.16,15,15665.68,0,0.0
2025-09-15,3243,3176661.49,112,109921.03,4175,4906510.36
2025-09-16,4334,5255043.21,126,152187.97,3395,3694310.07
2025-09-17,4178,4574521.33,120,131894.47,3193,3670871.75
2025-09-18,3614,4060148.17,139,156573.26,3772,4241438.67
2025-09-19,3381,3859825.31,98,111882.47,4248,4753350.5
2025-09-20,644,690513.18,20,21450.94,0,0.0
2025-09-21,468,531179.95,16,17952.33,0,0.0
2025-09-22,3943,4354968.01,120,132210.66,4360,4974133.76
2025-09-23,4083,4402648.26,133,143270.32,3826,4232021.72
2025-09-24,3969,4512932.82,136,154457.09,3784,4108746.8
2025-09-25,3695,4121783.83,95,105953.41,3815,4181166.15
2025-09-26,4162,5828750.3,148,206736.58,3893,4307243.86
2025-09-27,688,760167.55,23,25112.94,0,0.0
2025-09-28,439,495233.0,12,13526.58,0,0.0
2025-09-29,5146,7858371.38,157,239535.11,4067,4986397.35
2025-09-30,5493,7673792.1,148,206371.97,4021,5548536.96
2025-10-01,6026,9098817.27,189,286116.97,4854,6860866.82
2025-10-02,5077,7583203.62,182,271522.64,5432,7988153.58
2025-10-03,3411,3886081.87,126,143291.87,5341,7753456.13
2025-10-04,713,787499.33,24,26897.81,0,0.0
2025-10-05,474,532914.78,17,18654.91,0,0.0
2025-10-06,3505,3708019.18,95,100700.64,5869,7857353.06
2025-10-07,3815,4160416.41,122,133291.05,4678,5598219.11
2025-10-08,4560,5044850.77,129,143040.73,3693,4090060.63
2025-10-09,3803,4236676.05,130,144329.43,3703,4038398.05
2025-10-10,3033,3710318.65,97,119045.24,3983,4366467.43
2025-10-11,702,822186.03,25,29071.4,0,0.0
2025-10-12,443,510908.17,14,16379.52,0,0.0
2025-10-13,567,589913.4,18,18501.87,0,0.0
2025-10-14,5189,6162610.74,155,184650.3,4604,5382272.96
2025-10-15,4227,4827702.17,164,187808.29,3754,4456529.11
2025-10-16,3704,4370084.79,120,141308.05,4367,5021652.18
2025-10-17,3445,4073072.13,95,112123.58,4666,5511482.45
2025-10-18,734,874281.27,23,27696.57,0,0.0
2025-10-19,495,593756.45,14,17256.34,0,0.0
2025-10-20,3391,3639930.4,104,111223.03,4409,5250340.89
2025-10-21,4212,4936444.71,148,173432.49,3757,4281088.32
2025-10-22,3989,4536356.45,112,127287.93,3445,4013539.34
2025-10-23,3758,4104779.29,90,98573.56,3675,4141207.88
2025-10-24,3467,4047808.13,86,100329.37,4171,4587912.76
2025-10-25,702,805473.47,19,21366.45,0,0.0
2025-10-26,466,548550.21,17,19469.31,0,0.0
2025-10-27,3537,3871282.38,135,148187.88,4407,4986011.93
2025-10-28,4097,4513359.12,114,125735.94,3781,4225813.62
2025-10-29,6215,9381456.4,189,285176.86,3695,4062252.07
2025-10-30,5078,7182683.68,186,263647.02,3929,5257263.12
2025-10-31,4917,7585767.63,151,232825.6,4528,6365891.89
2025-11-01,647,695071.19,23,24294.54,0,0.0
2025-11-02,479,523385.39,16,17101.16,0,0.0
2025-11-03,5157,7656482.93,144,213321.35,5792,8426793.49
2025-11-04,6034,9253571.25,232,355616.54,5221,7576874.07
2025-11-05,3875,4496500.89,120,139540.31,5374,8150154.78
2025-11-06,3462,4060537.59,102,119180.6,5423,7466954.51
2025-11-07,3218,3879597.56,94,113116.6,4726,6154791.56
2025-11-08,709,833784.24,22,25595.78,0,0.0
2025-11-09,449,489710.28,14,15202.45,0,0.0
2025-11-10,3788,4783679.12,110,138838.01,4026,4751418.53
2025-11-11,3693,4239336.53,90,102910.08,3576,4407940.05
2025-11-12,4288,4804022.05,137,153833.52,3703,4407448.0
2025-11-13,3872,4494382.56,125,145273.83,3921,4429476.44
2025-11-14,3318,4034288.53,122,148405.2,3930,4460686.2
2025-11-15,714,761903.65,24,25441.83,0,0.0
2025-11-16,435,488162.04,14,15696.32,0,0.0
2025-11-17,3446,4057010.57,118,139083.07,4285,5015998.9
2025-11-18,3916,4293240.2,106,116657.91,3672,4368221.12
2025-11-19,3520,3789695.26,116,124818.21,3710,4228446.78
2025-11-20,3900,4622647.5,97,114418.61,3520,3936055.78
2025-11-21,3423,3717779.79,110,119004.01,3477,4073526.0
2025-11-22,693,781518.75,19,21433.44,0,0.0
2025-11-23,434,488108.38,13,14469.34,0,0.0
2025-11-24,3751,4439070.97,114,135502.91,4150,4611206.6
2025-11-25,5736,8545666.41,174,259931.22,3920,4601603.91
2025-11-26,5687,8131381.09,184,262391.6,3762,5034431.08
2025-11-27,523,632407.93,18,21698.84,0,0.0
2025-11-28,6741,9875760.74,196,287497.39,4826,6774893.63
2025-11-29,765,861249.66,22,24606.42,0,0.0
2025-11-30,433,479854.79,10,11426.77,0,0.0
2025-12-01,5356,7896076.01,182,268276.23,6743,9543937.16
2025-12-02,6544,9243625.05,234,330771.61,6143,8836257.93
2025-12-03,3834,4445612.92,141,163308.38,6129,8868080.12
2025-12-04,3868,4367020.45,123,138884.73,5599,7316195.66
2025-12-05,3416,4032501.94,100,117653.99,5056,6361571.63
2025-12-06,648,723825.29,21,23924.37,0,0.0
2025-12-07,410,426816.65,14,14140.79,0,0.0
2025-12-08,3406,3833549.17,103,115426.72,4197,4819288.84
2025-12-09,4423,5070475.75,156,178962.0,3682,4157854.16
2025-12-10,4110,4886162.91,116,138344.55,3719,4233824.06
2025-12-11,3961,4612292.34,139,161485.89,3850,4462567.23
2025-12-12,3080,3659500.85,97,115005.76,4120,4874889.54
2025-12-13,638,770979.59,21,25554.66,0,0.0
2025-12-14,386,477019.01,11,13612.96,0,0.0
2025-12-15,3957,4449760.43,129,145284.73,4101,4892664.47
2025-12-16,4068,4636154.31,134,152699.93,3892,4456698.87
2025-12-17,4117,4799002.3,135,157280.96,3818,4366596.08
2025-12-18,3942,4663961.86,128,150952.41,3857,4432201.68
2025-12-19,3641,4069774.9,128,142739.95,3899,4551700.88
2025-12-20,629,735479.92,19,22618.11,0,0.0
2025-12-21,361,400305.2,11,12742.03,0,0.0
2025-12-22,3706,4321248.15,101,117214.18,4340,4965984.89
2025-12-23,4229,5159687.07,163,199311.81,3956,4613768.06
2025-12-24,4166,4698556.13,142,159773.46,3684,4373128.98
2025-12-25,498,537580.25,17,18723.83,0,0.0
2025-12-26,4365,4775953.26,135,147614.15,4196,4819605.63
2025-12-27,619,755553.56,16,19674.53,0,0.0
2025-12-28,360,425049.92,11,13448.28,0,0.0
2025-12-29,5436,7876995.05,166,240562.42,4977,5660686.68
2025-12-30,6213,10423973.29,186,312859.67,4226,5420172.4
2025-12-31,6091,9269013.29,163,248140.28,4806,7227641.46
